StudentID,Age,Gender,Major,GPA
1,22,Male,Economics,3.16
2,25,Female,Economics,2.8
3,19,Male,Computer Science,2.53
4,24,Non-Binary,Arts,3.9
5,21,Female,Nursing,3.33
6,28,Male,Law,2.02
7,25,Non-Binary,Engineering,3.55
8,25,Male,Education,3.8
9,21,Non-Binary,Business,3.29
10,26,Non-Binary,Data Science,2.99
11,19,Female,Business,3.17
12,18,Non-Binary,Nursing,3.75
13,26,Female,Engineering,3.02
14,23,Female,Nursing,2.46
15,27,Non-Binary,Business,3.08
16,25,Male,Biology,3.9
17,27,Non-Binary,Data Science,2.62
18,28,Female,Economics,3.09
19,18,Non-Binary,Arts,2.92
20,26,Male,Biology,2.37
21,28,Male,Psychology,3.41
22,18,Non-Binary,Psychology,2.72
23,23,Male,Engineering,3.34
24,25,Male,Arts,3.26
25,19,Male,Psychology,3.63
26,26,Non-Binary,Mathematics,4
27,21,Non-Binary,Psychology,3.46
28,19,Female,Mathematics,3.04
29,23,Non-Binary,Mathematics,2.96
30,25,Male,Law,3.16
31,20,Male,Education,2.86
32,24,Female,Computer Science,3.73
33,26,Non-Binary,Arts,3.95
34,21,Female,Education,3.57
35,27,Female,Education,3.34
36,24,Male,Business,3.07
37,20,Non-Binary,Law,3.49
38,26,Non-Binary,Data Science,3.49
39,21,Female,Nursing,2.46
40,28,Female,Engineering,3.67
41,25,Non-Binary,Engineering,3.43
42,21,Female,Education,3.53
43,26,Male,Nursing,3.19
44,19,Male,Computer Science,3.3
45,28,Female,Economics,2.71
46,24,Non-Binary,Nursing,3.67
47,20,Female,Computer Science,2.98
48,23,Non-Binary,Economics,2.63
49,27,Female,Biology,3.48
50,18,Male,Business,3.38
51,21,Non-Binary,Data Science,2.48
52,27,Non-Binary,Mathematics,2.93
53,24,Female,Arts,3.73
54,24,Male,Law,4
55,24,Female,Mathematics,2.91
56,18,Male,Economics,3.11
57,19,Male,Business,2.89
58,24,Female,Biology,2.95
59,27,Non-Binary,Engineering,3.15
60,23,Non-Binary,Business,2.23
61,18,Male,Data Science,3.17
62,22,Non-Binary,Economics,3.05
63,26,Non-Binary,Biology,2.31
64,19,Non-Binary,Arts,3.09
65,24,Non-Binary,Arts,2.78
66,23,Female,Biology,3.38
67,28,Female,Arts,3
68,23,Male,Engineering,3.78
69,18,Male,Mathematics,3.93
70,24,Female,Economics,3.23
71,23,Non-Binary,Law,3.76
72,22,Male,Biology,3.01
73,26,Male,Arts,4
74,18,Female,Computer Science,4
75,25,Male,Law,3.6
76,19,Non-Binary,Arts,3.07
77,27,Female,Data Science,3.63
78,18,Male,Arts,4
79,19,Non-Binary,Data Science,3.43
80,27,Male,Nursing,3.07
81,20,Female,Computer Science,2.8
82,20,Non-Binary,Data Science,2.01
83,21,Non-Binary,Biology,3.06
84,27,Female,Law,3.12
85,23,Non-Binary,Psychology,4
86,18,Non-Binary,Mathematics,3.53
87,23,Male,Business,2.83
88,22,Male,Education,3.87
89,22,Female,Engineering,3.5
90,28,Non-Binary,Economics,3.36
91,21,Non-Binary,Computer Science,3.48
92,19,Female,Law,2.93
93,20,Male,Business,2.24
94,28,Female,Mathematics,2.99
95,21,Female,Economics,3.11
96,24,Male,Psychology,3.26
97,21,Female,Education,2.69
98,24,Female,Arts,4
99,20,Male,Psychology,1.98
100,27,Non-Binary,Education,2.35
101,26,Non-Binary,Nursing,3.78
102,21,Male,Psychology,3.55
103,19,Male,Biology,2.08
104,21,Male,Business,3.16
105,27,Male,Economics,2.69
106,22,Male,Education,3.94
107,23,Female,Psychology,3.29
108,27,Non-Binary,Mathematics,3.92
109,19,Female,Psychology,4
110,25,Male,Engineering,3.39
111,25,Male,Business,2.75
112,19,Male,Engineering,2.25
113,28,Non-Binary,Business,2.32
114,24,Non-Binary,Arts,3.98
115,24,Male,Nursing,3.69
116,22,Female,Business,3.01
117,18,Female,Law,2.97
118,20,Male,Data Science,2.37
119,28,Non-Binary,Psychology,3.54
120,28,Male,Arts,3.23
121,28,Non-Binary,Law,3.61
122,25,Male,Business,2.87
123,19,Female,Law,1.98
124,21,Female,Education,2.24
125,20,Male,Law,2.94
126,20,Male,Biology,2.6
127,28,Male,Arts,2.55
128,26,Non-Binary,Engineering,3.31
129,27,Non-Binary,Computer Science,2.61
130,19,Female,Law,3.4
131,27,Male,Mathematics,4
132,20,Male,Psychology,3.53
133,28,Female,Law,3.92
134,21,Male,Psychology,3.05
135,26,Non-Binary,Education,2.28
136,19,Male,Data Science,3.16
137,25,Male,Nursing,3.73
138,18,Male,Mathematics,3.85
139,22,Non-Binary,Data Science,3.99
140,27,Non-Binary,Engineering,3
141,23,Female,Nursing,3.16
142,25,Non-Binary,Computer Science,3.03
143,25,Non-Binary,Mathematics,4
144,21,Male,Mathematics,3.84
145,26,Male,Computer Science,3.87
146,18,Female,Engineering,3.54
147,23,Non-Binary,Psychology,2.72
148,25,Female,Arts,3.59
149,21,Female,Arts,3.99
150,25,Male,Arts,3.71
151,27,Male,Nursing,2.49
152,19,Male,Law,1.9
153,21,Male,Economics,2.46
154,19,Non-Binary,Biology,2.97
155,27,Female,Economics,3.32
156,20,Male,Psychology,4
157,22,Female,Computer Science,3.42
158,18,Non-Binary,Nursing,3.68
159,25,Non-Binary,Law,3.37
160,19,Male,Education,2.36
161,21,Male,Economics,3.27
162,21,Female,Arts,3.29
163,24,Female,Business,4
164,26,Non-Binary,Nursing,3.47
165,18,Male,Biology,1.88
166,18,Male,Computer Science,2.95
167,28,Non-Binary,Engineering,3.55
168,25,Female,Data Science,3.08
169,19,Male,Data Science,2.38
170,20,Male,Computer Science,3.72
171,26,Non-Binary,Mathematics,3.08
172,27,Non-Binary,Computer Science,2.4
173,25,Non-Binary,Biology,3.01
174,22,Non-Binary,Psychology,2.49
175,20,Male,Data Science,2.84
176,26,Male,Arts,3.2
177,21,Male,Psychology,3.38
178,22,Male,Business,3.24
179,22,Female,Psychology,2.78
180,25,Female,Law,4
181,24,Male,Computer Science,3.57
182,26,Male,Biology,3.13
183,23,Female,Mathematics,3.67
184,21,Non-Binary,Education,2.78
185,27,Male,Nursing,3.28
186,20,Female,Engineering,3.64
187,22,Male,Computer Science,2.3
188,27,Male,Data Science,3.63
189,19,Female,Economics,2.51
190,19,Non-Binary,Mathematics,3.53
191,20,Non-Binary,Biology,2.29
192,18,Female,Mathematics,2.49
193,26,Non-Binary,Nursing,3.08
194,22,Female,Data Science,3.06
195,25,Female,Nursing,3.75
196,27,Female,Economics,3.16
197,23,Non-Binary,Economics,3.04
198,22,Female,Economics,3.55
199,22,Male,Biology,2.4
200,19,Male,Mathematics,2.99
201,24,Female,Computer Science,3.39
202,22,Non-Binary,Engineering,3.89
203,24,Female,Arts,3.63
204,26,Male,Psychology,2.53
205,26,Male,Data Science,2.04
206,28,Female,Economics,3.72
207,28,Female,Biology,2.97
208,22,Male,Arts,3.44
209,21,Male,Arts,3.23
210,23,Female,Education,3.4
211,20,Non-Binary,Arts,3.19
212,26,Female,Mathematics,1.84
213,23,Female,Mathematics,3.16
214,19,Non-Binary,Computer Science,1.94
215,25,Male,Biology,3.02
216,26,Male,Education,3.03
217,21,Male,Computer Science,3.2
218,22,Non-Binary,Education,3.18
219,27,Male,Engineering,3.46
220,23,Non-Binary,Nursing,2.41
221,19,Male,Psychology,2.88
222,18,Female,Education,3.33
223,20,Female,Nursing,4
224,25,Non-Binary,Psychology,3.02
225,28,Non-Binary,Nursing,2.58
226,21,Female,Law,3.5
227,24,Female,Economics,3.22
228,19,Non-Binary,Biology,3.29
229,18,Female,Engineering,3.88
230,21,Non-Binary,Psychology,3.27
231,28,Non-Binary,Engineering,3.47
232,25,Male,Business,3.77
233,28,Male,Law,2.62
234,25,Male,Psychology,3.63
235,26,Female,Engineering,3.1
236,27,Male,Business,3.04
237,27,Female,Education,4
238,19,Non-Binary,Arts,2.56
239,20,Non-Binary,Engineering,2.93
240,27,Male,Nursing,3.06
241,20,Female,Engineering,2.35
242,27,Non-Binary,Engineering,2.1
243,24,Female,Mathematics,3.56
244,18,Male,Law,2.85
245,25,Female,Psychology,2.68
246,20,Non-Binary,Education,2.85
247,28,Female,Economics,3.24
248,24,Non-Binary,Engineering,3.52
249,21,Female,Computer Science,2.47
250,18,Male,Nursing,1.98
251,22,Female,Biology,3.03
252,18,Male,Computer Science,4
253,19,Female,Economics,2.37
254,27,Male,Engineering,3.52
255,18,Female,Education,3.65
256,20,Female,Biology,3.5
257,21,Male,Computer Science,1.82
258,20,Female,Computer Science,2.99
259,25,Non-Binary,Mathematics,2.84
260,26,Male,Computer Science,2.36
261,28,Non-Binary,Arts,2.04
262,23,Male,Biology,3.62
263,20,Non-Binary,Business,3.47
264,20,Non-Binary,Law,2.94
265,26,Female,Biology,3.93
266,24,Male,Computer Science,3.95
267,27,Female,Computer Science,3.12
268,27,Non-Binary,Arts,2.69
269,25,Female,Arts,3.32
270,27,Female,Nursing,3.34
271,19,Non-Binary,Data Science,3.05
272,21,Female,Law,2.74
273,20,Non-Binary,Economics,2.97
274,23,Non-Binary,Nursing,3.28
275,26,Non-Binary,Economics,3.82
276,27,Non-Binary,Computer Science,2.68
277,26,Non-Binary,Computer Science,4
278,19,Female,Arts,3.22
279,24,Male,Data Science,3.91
280,19,Female,Computer Science,3.43
281,28,Male,Psychology,1.41
282,22,Female,Data Science,2.69
283,20,Male,Business,4
284,27,Female,Economics,3.18
285,24,Female,Biology,3.83
286,25,Female,Law,3.15
287,25,Non-Binary,Economics,3.8
288,26,Male,Psychology,3.5
289,19,Male,Business,3.61
290,20,Male,Data Science,3.77
291,19,Female,Mathematics,4
292,23,Female,Computer Science,2.74
293,20,Male,Economics,3.77
294,21,Female,Biology,3.2
295,28,Male,Mathematics,4
296,25,Male,Business,2.99
297,27,Non-Binary,Law,2.6
298,22,Male,Psychology,3.34
299,21,Female,Computer Science,3.2
300,27,Non-Binary,Engineering,1.77
301,24,Male,Education,3.41
302,24,Non-Binary,Law,2.56
303,21,Female,Engineering,3.09
304,22,Non-Binary,Mathematics,3.83
305,22,Female,Economics,2.99
306,26,Male,Business,1.92
307,23,Male,Business,2.86
308,18,Female,Biology,2.6
309,28,Male,Engineering,3.27
310,26,Female,Mathematics,2.09
311,24,Male,Psychology,3.13
312,21,Male,Education,3.2
313,26,Female,Mathematics,2.92
314,28,Male,Psychology,3.49
315,20,Non-Binary,Arts,3.24
316,24,Female,Mathematics,3.13
317,28,Non-Binary,Law,2.7
318,26,Non-Binary,Psychology,4
319,18,Female,Law,3.99
320,18,Male,Arts,3.74
321,25,Non-Binary,Nursing,2.82
322,25,Male,Economics,3.42
323,26,Non-Binary,Data Science,3.15
324,22,Male,Psychology,3.02
325,18,Male,Education,3.32
326,23,Non-Binary,Nursing,2.94
327,25,Female,Computer Science,3.75
328,23,Male,Data Science,2.54
329,23,Non-Binary,Mathematics,3.17
330,20,Non-Binary,Mathematics,3.55
331,22,Female,Nursing,2.85
332,28,Female,Computer Science,3.74
333,27,Female,Arts,3.62
334,19,Female,Nursing,3.52
335,24,Non-Binary,Business,3.84
336,23,Non-Binary,Computer Science,2.68
337,27,Female,Mathematics,2.75
338,19,Female,Nursing,2.67
339,23,Non-Binary,Data Science,2.59
340,18,Non-Binary,Mathematics,3.23
341,19,Male,Business,2.48
342,19,Non-Binary,Nursing,3.09
343,25,Female,Psychology,2.7
344,28,Male,Education,2.76
345,18,Female,Arts,3.34
346,24,Female,Education,3.49
347,25,Female,Business,3.83
348,24,Female,Business,4
349,24,Non-Binary,Psychology,3.8
350,26,Non-Binary,Data Science,3.3
351,28,Non-Binary,Economics,2.36
352,19,Male,Computer Science,2.93
353,23,Male,Law,2.92
354,22,Female,Psychology,3.2
355,27,Male,Computer Science,3.49
356,23,Non-Binary,Engineering,2.45
357,27,Female,Education,3.83
358,18,Female,Arts,2.84
359,25,Non-Binary,Economics,3.58
360,28,Male,Arts,3.45
361,22,Female,Business,2.33
362,21,Female,Data Science,2.4
363,26,Male,Education,3.62
364,25,Male,Engineering,3.5
365,22,Male,Economics,3.14
366,27,Male,Psychology,2.9
367,23,Female,Economics,3.06
368,19,Male,Law,2.9
369,24,Female,Computer Science,3.04
370,28,Male,Nursing,1.24
371,18,Female,Nursing,3.51
372,21,Female,Nursing,3.07
373,23,Non-Binary,Mathematics,2.18
374,20,Male,Engineering,4
375,26,Female,Mathematics,3.1
376,26,Female,Computer Science,2.68
377,23,Non-Binary,Law,3.53
378,28,Female,Psychology,3.64
379,24,Female,Biology,2.76
380,23,Male,Arts,2.97
381,25,Male,Mathematics,2.98
382,19,Male,Economics,3.14
383,27,Non-Binary,Mathematics,2.67
384,27,Male,Nursing,3.52
385,24,Male,Data Science,2.82
386,24,Male,Education,3.84
387,24,Non-Binary,Education,1.74
388,19,Male,Business,3.18
389,26,Female,Law,3.3
390,21,Male,Nursing,3.21
391,19,Non-Binary,Law,3.25
392,19,Male,Data Science,3.11
393,24,Male,Engineering,3.26
394,24,Male,Business,2.54
395,27,Female,Computer Science,3.52
396,26,Male,Engineering,2.75
397,23,Non-Binary,Arts,3.44
398,20,Male,Biology,3.09
399,24,Female,Law,3.12
400,28,Female,Law,3.51
401,20,Female,Arts,2.63
402,18,Non-Binary,Nursing,3.12
403,27,Male,Engineering,2.99
404,25,Female,Computer Science,3.28
405,18,Female,Law,2.44
406,25,Non-Binary,Computer Science,2.54
407,23,Male,Economics,3.17
408,27,Female,Engineering,1.88
409,18,Female,Engineering,3.24
410,18,Female,Data Science,3.23
411,21,Non-Binary,Arts,3.52
412,24,Non-Binary,Nursing,4
413,27,Male,Law,2.94
414,18,Non-Binary,Law,2.31
415,28,Non-Binary,Computer Science,3.84
416,22,Non-Binary,Psychology,2.57
417,28,Non-Binary,Biology,2.82
418,22,Female,Engineering,2.9
419,27,Non-Binary,Economics,2.55
420,23,Male,Law,1.99
421,22,Male,Arts,2.49
422,19,Non-Binary,Mathematics,3.91
423,25,Female,Biology,1.87
424,24,Non-Binary,Mathematics,3.21
425,22,Male,Education,3
426,26,Female,Law,3.22
427,22,Female,Economics,3.63
428,26,Male,Data Science,2.35
429,28,Male,Nursing,2.67
430,23,Male,Law,2.87
431,23,Male,Data Science,4
432,21,Non-Binary,Law,2.64
433,20,Non-Binary,Computer Science,3.48
434,25,Male,Computer Science,2.85
435,24,Male,Law,4
436,20,Male,Economics,1.71
437,19,Male,Computer Science,3.19
438,25,Female,Education,2.82
439,18,Non-Binary,Psychology,2.65
440,22,Female,Law,3.25
441,21,Male,Mathematics,2.72
442,20,Non-Binary,Law,2.74
443,20,Male,Business,2.83
444,22,Male,Computer Science,2.52
445,22,Female,Data Science,2.84
446,21,Male,Data Science,2.67
447,18,Non-Binary,Biology,2.33
448,18,Female,Education,2.59
449,18,Male,Nursing,3.13
450,23,Female,Biology,2.93
451,24,Non-Binary,Arts,2.96
452,21,Female,Economics,2.9
453,28,Male,Engineering,2.61
454,24,Female,Law,2.9
455,28,Female,Arts,1.9
456,28,Non-Binary,Business,3.02
457,25,Male,Arts,3.18
458,25,Male,Law,3.62
459,20,Non-Binary,Data Science,2.62
460,20,Male,Nursing,3.42
461,18,Female,Psychology,3.29
462,27,Female,Nursing,2.1
463,23,Male,Arts,2.41
464,23,Non-Binary,Economics,3.86
465,26,Female,Arts,2.91
466,21,Male,Mathematics,2.84
467,23,Non-Binary,Arts,3.33
468,22,Female,Engineering,3
469,22,Female,Economics,2.98
470,25,Non-Binary,Computer Science,3.4
471,23,Female,Biology,2.96
472,18,Female,Mathematics,4
473,21,Male,Nursing,3.78
474,25,Non-Binary,Nursing,2.57
475,22,Non-Binary,Computer Science,4
476,20,Male,Computer Science,3.33
477,26,Non-Binary,Law,2.75
478,20,Male,Biology,3.75
479,28,Female,Psychology,3.48
480,21,Non-Binary,Computer Science,3.24
481,25,Non-Binary,Computer Science,3.55
482,19,Male,Economics,3.58
483,25,Male,Nursing,2.94
484,19,Male,Engineering,3.98
485,28,Male,Mathematics,2.29
486,20,Female,Education,2.56
487,19,Male,Nursing,3.29
488,21,Male,Economics,3.19
489,27,Non-Binary,Education,3.57
490,25,Male,Computer Science,2.98
491,24,Male,Mathematics,2.64
492,24,Non-Binary,Engineering,3.61
493,19,Non-Binary,Law,2.83
494,19,Female,Business,3.6
495,24,Male,Education,2.97
496,19,Male,Engineering,4
497,18,Non-Binary,Biology,3.02
498,27,Female,Mathematics,3.04
499,21,Non-Binary,Economics,3.8
500,25,Non-Binary,Mathematics,3.5
501,27,Female,Law,4
502,21,Male,Law,2.35
503,26,Female,Nursing,3.02
504,24,Male,Mathematics,3.92
505,22,Male,Psychology,3.36
506,18,Female,Nursing,3.07
507,20,Non-Binary,Computer Science,2.01
508,20,Non-Binary,Data Science,2.58
509,20,Male,Arts,4
510,26,Male,Arts,2.51
511,23,Non-Binary,Education,3.19
512,19,Male,Law,2.7
513,27,Male,Law,3.8
514,22,Female,Data Science,3.62
515,27,Female,Computer Science,2.72
516,24,Male,Education,3.09
517,28,Female,Education,3.25
518,26,Non-Binary,Biology,2.01
519,22,Female,Data Science,2.02
520,18,Male,Psychology,3.6
521,21,Male,Computer Science,2.53
522,21,Female,Data Science,1.75
523,26,Non-Binary,Education,3.51
524,27,Female,Education,3.03
525,19,Non-Binary,Law,3.24
526,26,Female,Psychology,2.58
527,22,Non-Binary,Business,2.91
528,27,Male,Education,2.96
529,18,Non-Binary,Engineering,2.5
530,24,Male,Law,3.35
531,27,Male,Biology,3.86
532,22,Female,Biology,1.85
533,19,Non-Binary,Business,3.24
534,18,Female,Arts,3.37
535,27,Male,Computer Science,3.8
536,18,Female,Education,2.25
537,25,Female,Data Science,2.68
538,20,Female,Nursing,3.6
539,21,Male,Engineering,3.03
540,25,Non-Binary,Mathematics,2.59
541,27,Female,Education,1.79
542,18,Female,Engineering,2.86
543,24,Male,Nursing,2.85
544,21,Non-Binary,Arts,3.78
545,28,Male,Computer Science,2.54
546,20,Male,Business,3.83
547,20,Non-Binary,Economics,2.07
548,20,Female,Economics,3.36
549,27,Non-Binary,Biology,3.35
550,22,Female,Nursing,2.82
551,23,Female,Business,3.63
552,21,Male,Psychology,1.96
553,25,Male,Economics,2.27
554,23,Non-Binary,Data Science,1.22
555,18,Male,Computer Science,2.94
556,28,Female,Biology,3.42
557,18,Female,Business,2.62
558,22,Non-Binary,Engineering,3.44
559,20,Non-Binary,Business,4
560,23,Female,Computer Science,3.92
561,22,Female,Mathematics,3.01
562,23,Female,Education,2.95
563,27,Male,Data Science,2.67
564,20,Non-Binary,Economics,3.37
565,19,Non-Binary,Biology,3.93
566,26,Male,Mathematics,1.81
567,27,Female,Law,2.9
568,21,Male,Computer Science,2.11
569,27,Male,Engineering,3.07
570,26,Male,Nursing,3.89
571,22,Non-Binary,Arts,3.62
572,20,Non-Binary,Economics,4
573,28,Non-Binary,Education,3.54
574,28,Female,Computer Science,3.98
575,25,Non-Binary,Education,3.75
576,24,Non-Binary,Engineering,3.33
577,25,Male,Psychology,4
578,27,Male,Law,3.78
579,28,Female,Data Science,3.48
580,27,Non-Binary,Psychology,3.17
581,26,Non-Binary,Education,2.17
582,18,Female,Education,3.98
583,27,Male,Education,2.73
584,21,Female,Data Science,3.24
585,18,Non-Binary,Data Science,3.83
586,19,Non-Binary,Economics,2.95
587,19,Male,Business,3.41
588,25,Non-Binary,Engineering,3.43
589,19,Non-Binary,Law,3.3
590,27,Female,Arts,3.28
591,19,Male,Mathematics,3.61
592,25,Non-Binary,Psychology,2.61
593,25,Male,Mathematics,2.23
594,23,Male,Law,1.72
595,21,Non-Binary,Business,2.03
596,27,Female,Computer Science,3.03
597,23,Female,Psychology,2.53
598,21,Female,Computer Science,3.64
599,21,Female,Biology,2.65
600,18,Male,Business,3.03
601,25,Non-Binary,Arts,3.36
602,23,Female,Law,2.97
603,27,Male,Engineering,3.22
604,24,Male,Biology,2.95
605,24,Male,Nursing,3.16
606,27,Non-Binary,Data Science,3.39
607,26,Female,Mathematics,3.02
608,27,Non-Binary,Engineering,3.26
609,27,Male,Mathematics,2.22
610,27,Non-Binary,Business,1.96
611,25,Female,Computer Science,1.91
612,18,Female,Computer Science,2.48
613,27,Male,Nursing,3.3
614,19,Male,Law,3.39
615,19,Female,Nursing,2.77
616,19,Male,Business,2.87
617,27,Non-Binary,Economics,3.27
618,24,Non-Binary,Data Science,3.18
619,27,Non-Binary,Engineering,3.19
620,24,Non-Binary,Education,2.43
621,22,Non-Binary,Biology,3.98
622,20,Male,Psychology,3.18
623,20,Male,Psychology,2.93
624,24,Non-Binary,Engineering,2.95
625,18,Non-Binary,Psychology,2.29
626,25,Non-Binary,Biology,2.9
627,20,Female,Education,4
628,28,Non-Binary,Computer Science,3.65
629,20,Female,Arts,3.33
630,19,Male,Law,4
631,24,Female,Education,3.11
632,25,Male,Nursing,4
633,27,Male,Computer Science,2.79
634,20,Female,Business,3.35
635,19,Male,Computer Science,4
636,27,Male,Computer Science,2.46
637,18,Non-Binary,Engineering,3.31
638,27,Non-Binary,Nursing,3.08
639,25,Male,Mathematics,2.77
640,28,Male,Engineering,4
641,19,Female,Mathematics,2.36
642,24,Non-Binary,Biology,3.3
643,21,Non-Binary,Engineering,3.08
644,21,Male,Arts,3.19
645,26,Non-Binary,Nursing,2.46
646,18,Non-Binary,Data Science,2.86
647,19,Male,Arts,2.3
648,19,Female,Mathematics,2.5
649,22,Female,Mathematics,4
650,23,Non-Binary,Education,2.22
651,27,Female,Arts,3.15
652,27,Female,Psychology,2.92
653,23,Female,Law,3.29
654,20,Female,Psychology,3.11
655,19,Non-Binary,Engineering,3.24
656,19,Non-Binary,Arts,3
657,27,Non-Binary,Economics,2.93
658,22,Male,Engineering,2.88
659,19,Non-Binary,Nursing,2.95
660,26,Non-Binary,Economics,2.34
661,27,Male,Computer Science,3.86
662,22,Non-Binary,Business,3.02
663,20,Female,Economics,4
664,27,Male,Data Science,3.48
665,23,Male,Mathematics,2.12
666,22,Female,Computer Science,3.66
667,25,Non-Binary,Arts,2.08
668,27,Male,Arts,3.19
669,24,Female,Psychology,3.56
670,28,Female,Mathematics,2.69
671,20,Non-Binary,Law,2.93
672,23,Male,Psychology,2.85
673,27,Female,Education,3.98
674,28,Non-Binary,Mathematics,3.23
675,24,Male,Nursing,3.36
676,20,Female,Education,3.02
677,18,Female,Business,2.12
678,22,Female,Engineering,3.04
679,26,Non-Binary,Nursing,2.68
680,18,Male,Engineering,2.08
681,18,Female,Arts,4
682,28,Male,Mathematics,1.96
683,25,Female,Economics,3.01
684,26,Female,Mathematics,3.93
685,23,Non-Binary,Engineering,1.8
686,26,Female,Law,3.77
687,25,Female,Law,2.45
688,26,Non-Binary,Economics,3.26
689,27,Male,Computer Science,2.95
690,18,Female,Data Science,2.98
691,21,Non-Binary,Data Science,4
692,18,Male,Engineering,2.45
693,22,Male,Education,3.2
694,19,Non-Binary,Mathematics,2.71
695,26,Male,Biology,2.95
696,21,Female,Nursing,2.63
697,21,Female,Biology,2.13
698,22,Non-Binary,Computer Science,3.22
699,20,Non-Binary,Economics,3.65
700,20,Male,Mathematics,2.74
701,23,Male,Engineering,2.46
702,21,Female,Psychology,3.7
703,25,Male,Data Science,3.6
704,27,Non-Binary,Psychology,2.96
705,19,Female,Mathematics,2.92
706,23,Female,Economics,4
707,27,Non-Binary,Psychology,2.56
708,20,Non-Binary,Biology,2.03
709,20,Male,Economics,2.2
710,24,Male,Law,3.62
711,20,Male,Education,2.56
712,18,Male,Data Science,2
713,26,Male,Computer Science,2.87
714,25,Male,Arts,3.6
715,25,Male,Business,3.7
716,18,Male,Business,2.55
717,23,Female,Engineering,3.23
718,26,Female,Computer Science,3.28
719,18,Non-Binary,Computer Science,2.82
720,18,Female,Biology,3.09
721,25,Non-Binary,Biology,1.91
722,19,Male,Law,2.7
723,26,Non-Binary,Biology,3.05
724,27,Female,Business,3.62
725,23,Female,Data Science,3.88
726,22,Male,Economics,3.45
727,18,Female,Mathematics,3.15
728,18,Female,Business,3.21
729,19,Non-Binary,Nursing,3.76
730,23,Female,Engineering,3.24
731,26,Male,Biology,3.12
732,18,Non-Binary,Economics,2.74
733,26,Non-Binary,Business,2.62
734,21,Female,Computer Science,2.44
735,28,Female,Engineering,2.54
736,24,Non-Binary,Nursing,2.33
737,21,Non-Binary,Education,2.83
738,27,Female,Biology,3.35
739,27,Female,Mathematics,3.75
740,28,Non-Binary,Law,2.46
741,23,Female,Business,3.13
742,21,Female,Business,2.6
743,22,Non-Binary,Economics,2.51
744,21,Male,Nursing,3.28
745,23,Male,Business,3.56
746,21,Female,Education,2.82
747,25,Female,Arts,2.57
748,23,Non-Binary,Economics,2.55
749,28,Non-Binary,Education,2.63
750,20,Non-Binary,Engineering,2.71
751,21,Male,Psychology,3.13
752,24,Female,Law,3.48
753,26,Female,Economics,3.31
754,24,Non-Binary,Biology,3.31
755,25,Non-Binary,Law,2.6
756,24,Non-Binary,Computer Science,2.3
757,21,Female,Biology,3.69
758,22,Non-Binary,Mathematics,3.52
759,27,Female,Law,3.21
760,18,Non-Binary,Arts,3.29
761,25,Female,Engineering,2.79
762,26,Female,Economics,3.79
763,23,Male,Business,2.38
764,27,Non-Binary,Business,2.83
765,27,Male,Mathematics,3.08
766,22,Female,Psychology,3.37
767,25,Female,Biology,2.7
768,26,Female,Nursing,3.12
769,22,Male,Education,3.03
770,25,Male,Business,3.6
771,25,Male,Engineering,3.17
772,22,Male,Nursing,3.05
773,26,Male,Biology,3.19
774,20,Female,Biology,2.55
775,25,Non-Binary,Data Science,3.14
776,18,Female,Data Science,3.14
777,21,Male,Data Science,2.34
778,27,Male,Arts,3.66
779,19,Female,Data Science,3.66
780,23,Non-Binary,Psychology,3.22
781,21,Male,Biology,2.53
782,22,Female,Biology,2.19
783,18,Female,Economics,3.47
784,21,Female,Arts,4
785,21,Female,Biology,3.09
786,20,Non-Binary,Mathematics,3.67
787,21,Male,Economics,3.04
788,28,Male,Biology,3.32
789,22,Non-Binary,Education,3
790,28,Non-Binary,Business,2.97
791,25,Male,Computer Science,3.59
792,22,Non-Binary,Psychology,3.51
793,24,Female,Psychology,1.49
794,24,Female,Engineering,3.25
795,27,Female,Data Science,3.43
796,22,Male,Computer Science,2.29
797,18,Male,Biology,2.27
798,23,Non-Binary,Engineering,2.84
799,26,Female,Nursing,2.38
800,21,Non-Binary,Psychology,2.17
801,18,Non-Binary,Arts,3.42
802,23,Non-Binary,Nursing,1.78
803,25,Female,Business,2.5
804,24,Male,Mathematics,4
805,22,Female,Business,2.99
806,28,Male,Biology,3.4
807,21,Non-Binary,Mathematics,2.69
808,25,Non-Binary,Law,3.42
809,27,Male,Biology,2.84
810,27,Non-Binary,Arts,2.71
811,27,Male,Business,3.75
812,22,Non-Binary,Psychology,4
813,23,Non-Binary,Economics,3.09
814,21,Male,Arts,2.65
815,26,Non-Binary,Psychology,2.89
816,27,Male,Nursing,3.62
817,18,Female,Data Science,2.86
818,24,Non-Binary,Engineering,3.19
819,20,Non-Binary,Biology,3.27
820,25,Male,Education,3.8
821,19,Non-Binary,Mathematics,2.9
822,24,Male,Economics,3.13
823,22,Male,Education,2.5
824,23,Male,Engineering,3.29
825,28,Male,Mathematics,3.27
826,22,Male,Business,3.18
827,20,Non-Binary,Nursing,3.21
828,26,Female,Arts,2.17
829,27,Female,Arts,2.91
830,20,Female,Education,3.98
831,20,Male,Economics,3.65
832,19,Female,Arts,3.3
833,18,Male,Computer Science,3.24
834,26,Female,Nursing,4
835,21,Non-Binary,Economics,2.91
836,24,Non-Binary,Engineering,4
837,18,Male,Arts,4
838,25,Non-Binary,Mathematics,3.22
839,24,Male,Arts,4
840,25,Male,Biology,3.09
841,28,Non-Binary,Nursing,3.68
842,22,Female,Psychology,2.93
843,20,Non-Binary,Business,3.28
844,19,Male,Psychology,2.57
845,28,Male,Psychology,3.55
846,18,Male,Nursing,3.41
847,28,Male,Mathematics,3.51
848,20,Non-Binary,Mathematics,2.38
849,21,Non-Binary,Arts,2.71
850,18,Female,Engineering,2.96
851,27,Non-Binary,Arts,3.35
852,18,Female,Business,1.9
853,19,Male,Biology,3.02
854,27,Male,Engineering,3.42
855,18,Non-Binary,Business,2.49
856,26,Female,Arts,2.21
857,18,Non-Binary,Biology,2.39
858,18,Female,Computer Science,2.94
859,21,Female,Computer Science,4
860,21,Male,Arts,3.38
861,25,Non-Binary,Nursing,1.61
862,27,Female,Business,4
863,22,Male,Economics,3.15
864,20,Female,Data Science,3.6
865,28,Female,Computer Science,3.77
866,24,Male,Psychology,2.44
867,22,Male,Economics,3.52
868,18,Male,Law,3.36
869,27,Female,Arts,2.25
870,26,Male,Engineering,3.28
871,21,Male,Economics,3.02
872,27,Non-Binary,Law,3.62
873,20,Male,Business,3.74
874,19,Female,Data Science,3.49
875,26,Female,Mathematics,2.94
876,22,Male,Law,3.63
877,19,Non-Binary,Economics,3.76
878,23,Female,Mathematics,1.64
879,20,Non-Binary,Law,3.13
880,21,Female,Computer Science,3.64
881,23,Non-Binary,Law,3.11
882,23,Male,Nursing,3.1
883,20,Female,Arts,3.02
884,18,Female,Mathematics,3.26
885,27,Non-Binary,Mathematics,2.72
886,18,Female,Data Science,3.01
887,28,Non-Binary,Law,2.92
888,21,Non-Binary,Law,3.97
889,21,Non-Binary,Economics,2.55
890,24,Female,Mathematics,3.01
891,24,Non-Binary,Mathematics,3.53
892,18,Female,Business,2.61
893,18,Female,Business,3.25
894,19,Non-Binary,Computer Science,3.5
895,22,Non-Binary,Psychology,3.26
896,19,Female,Mathematics,2.56
897,25,Male,Law,2.99
898,27,Male,Computer Science,3.28
899,19,Non-Binary,Mathematics,3.83
900,18,Female,Biology,1.99
901,28,Non-Binary,Education,4
902,27,Male,Law,3.46
903,19,Male,Computer Science,3.31
904,18,Non-Binary,Biology,3.24
905,22,Non-Binary,Nursing,2.58
906,21,Female,Mathematics,2.24
907,18,Male,Law,2.35
908,23,Female,Data Science,2.72
909,21,Male,Data Science,4
910,18,Female,Arts,3.07
911,28,Non-Binary,Mathematics,2.56
912,22,Non-Binary,Law,2.82
913,24,Female,Nursing,3.61
914,24,Male,Law,2.59
915,21,Non-Binary,Computer Science,2.11
916,24,Non-Binary,Nursing,2.4
917,19,Female,Nursing,3.6
918,25,Male,Nursing,3.34
919,25,Female,Psychology,3.01
920,28,Male,Education,3.37
921,27,Male,Economics,3.19
922,28,Female,Nursing,3.62
923,23,Male,Psychology,3.24
924,21,Female,Data Science,3.63
925,24,Non-Binary,Law,3.4
926,21,Male,Business,3.21
927,23,Female,Mathematics,2.5
928,24,Non-Binary,Nursing,2.4
929,28,Non-Binary,Business,2.05
930,22,Male,Biology,3.16
931,28,Non-Binary,Engineering,3.16
932,18,Female,Engineering,3.43
933,22,Female,Computer Science,3.96
934,28,Non-Binary,Biology,3.6
935,19,Non-Binary,Computer Science,1.22
936,23,Non-Binary,Arts,2.99
937,18,Male,Biology,2.36
938,26,Male,Education,2.25
939,23,Female,Education,2.84
940,27,Non-Binary,Computer Science,2.8
941,28,Non-Binary,Psychology,1.85
942,22,Male,Nursing,2.36
943,20,Female,Law,2.46
944,28,Female,Computer Science,2.96
945,19,Male,Economics,3.86
946,21,Male,Biology,3.46
947,24,Female,Arts,3.32
948,23,Non-Binary,Psychology,3.26
949,27,Female,Education,2.54
950,22,Non-Binary,Engineering,2.92
951,28,Non-Binary,Engineering,3.53
952,21,Non-Binary,Mathematics,2.84
953,18,Female,Engineering,3.17
954,22,Non-Binary,Mathematics,3.94
955,23,Non-Binary,Mathematics,3.09
956,18,Non-Binary,Education,2.96
957,20,Male,Nursing,2.78
958,25,Female,Business,3.09
959,21,Non-Binary,Engineering,2.58
960,21,Male,Engineering,3.35
961,26,Male,Business,2.37
962,21,Non-Binary,Arts,2.17
963,20,Male,Business,3.31
964,21,Male,Mathematics,3.44
965,28,Non-Binary,Education,4
966,19,Female,Economics,1.98
967,28,Female,Education,3.18
968,22,Non-Binary,Law,4
969,25,Non-Binary,Biology,3.16
970,28,Female,Economics,3.92
971,19,Male,Business,3.83
972,27,Male,Economics,2.44
973,26,Male,Mathematics,2.99
974,22,Non-Binary,Arts,2.73
975,19,Female,Law,3.63
976,19,Non-Binary,Arts,3.15
977,23,Male,Arts,3.45
978,23,Female,Business,3.46
979,20,Non-Binary,Mathematics,3.57
980,28,Non-Binary,Economics,2.51
981,19,Male,Computer Science,1.58
982,22,Female,Psychology,3.48
983,18,Non-Binary,Law,3.69
984,25,Male,Education,2.22
985,28,Female,Mathematics,2.43
986,23,Non-Binary,Engineering,2.28
987,22,Male,Engineering,3.78
988,27,Male,Engineering,3.25
989,28,Male,Business,3.42
990,19,Non-Binary,Psychology,2.54
991,28,Male,Mathematics,3.07
992,26,Female,Biology,2.64
993,28,Non-Binary,Business,2.89
994,23,Female,Biology,3.44
995,19,Male,Business,3.67
996,19,Non-Binary,Education,2.23
997,21,Female,Arts,2.44
998,18,Non-Binary,Data Science,3.68
999,25,Non-Binary,Nursing,3.13
1000,25,Female,Education,1.92
1001,21,Female,Computer Science,2.67
1002,22,Female,Computer Science,3.32
1003,20,Male,Education,3.28
1004,20,Male,Data Science,3.2
1005,27,Male,Arts,3.15
1006,27,Non-Binary,Computer Science,2.6
1007,24,Non-Binary,Business,2.36
1008,23,Non-Binary,Nursing,4
1009,18,Male,Biology,3.52
1010,28,Female,Education,3.29
1011,25,Male,Psychology,2.63
1012,22,Non-Binary,Law,2.47
1013,25,Female,Arts,3.12
1014,22,Non-Binary,Biology,1.43
1015,28,Female,Psychology,3.83
1016,26,Female,Computer Science,2.99
1017,18,Female,Data Science,3.73
1018,18,Non-Binary,Economics,3.86
1019,24,Non-Binary,Data Science,3.37
1020,20,Non-Binary,Education,2.24
1021,26,Male,Arts,4
1022,23,Female,Education,3.05
1023,21,Male,Data Science,2.89
1024,18,Female,Mathematics,4
1025,24,Non-Binary,Law,2.81
1026,18,Male,Computer Science,3.55
1027,28,Female,Engineering,2.68
1028,18,Male,Mathematics,3.42
1029,26,Female,Mathematics,3.68
1030,21,Female,Data Science,3.17
1031,20,Female,Nursing,2.28
1032,28,Non-Binary,Nursing,2.76
1033,21,Male,Arts,2.51
1034,26,Non-Binary,Economics,3.46
1035,18,Male,Psychology,2.76
1036,27,Non-Binary,Arts,4
1037,24,Female,Business,3.58
1038,28,Male,Engineering,2.76
1039,23,Male,Mathematics,3.88
1040,25,Non-Binary,Psychology,3.69
1041,28,Non-Binary,Arts,4
1042,26,Non-Binary,Law,2.68
1043,21,Female,Computer Science,3.95
1044,26,Female,Biology,3.32
1045,27,Male,Economics,2.02
1046,25,Female,Mathematics,3.36
1047,22,Non-Binary,Arts,3.01
1048,19,Non-Binary,Biology,3.44
1049,18,Non-Binary,Data Science,3.14
1050,18,Male,Nursing,3.02
1051,27,Non-Binary,Nursing,3.18
1052,26,Female,Engineering,2.65
1053,25,Female,Computer Science,3.13
1054,24,Male,Psychology,2.96
1055,22,Male,Data Science,2.79
1056,28,Non-Binary,Computer Science,2.6
1057,19,Male,Mathematics,3.34
1058,20,Female,Business,4
1059,25,Female,Computer Science,2.21
1060,27,Male,Education,4
1061,26,Male,Biology,3.58
1062,21,Male,Mathematics,2.59
1063,20,Non-Binary,Economics,3.42
1064,26,Male,Nursing,2.52
1065,23,Male,Computer Science,2.64
1066,25,Non-Binary,Data Science,2.88
1067,28,Non-Binary,Education,3.04
1068,25,Male,Arts,1.87
1069,25,Non-Binary,Computer Science,2.25
1070,27,Female,Psychology,2.72
1071,20,Non-Binary,Law,3.69
1072,26,Non-Binary,Mathematics,2.9
1073,18,Non-Binary,Arts,2.48
1074,24,Female,Psychology,2.81
1075,20,Female,Law,3.56
1076,21,Male,Arts,2.9
1077,27,Male,Computer Science,3.46
1078,19,Male,Computer Science,4
1079,20,Male,Psychology,2.73
1080,23,Male,Engineering,3.25
1081,26,Male,Mathematics,2.86
1082,23,Male,Biology,2.7
1083,24,Female,Law,2.89
1084,28,Male,Law,3.06
1085,26,Non-Binary,Mathematics,3.08
1086,24,Non-Binary,Computer Science,3.37
1087,26,Female,Biology,3.3
1088,20,Male,Biology,3.57
1089,25,Male,Education,3.35
1090,18,Female,Business,3.1
1091,21,Female,Economics,2.79
1092,25,Non-Binary,Psychology,3.38
1093,28,Female,Mathematics,3.29
1094,25,Female,Mathematics,2.46
1095,21,Male,Data Science,3.53
1096,22,Non-Binary,Engineering,1.99
1097,18,Non-Binary,Business,3.96
1098,27,Female,Arts,2.62
1099,27,Male,Education,3.96
1100,24,Male,Mathematics,2.78
1101,23,Female,Mathematics,3.02
1102,27,Male,Mathematics,2.85
1103,24,Non-Binary,Biology,4
1104,28,Female,Data Science,2.97
1105,21,Female,Law,3.23
1106,25,Female,Economics,2.92
1107,25,Male,Business,3.32
1108,28,Female,Engineering,3.9
1109,19,Non-Binary,Mathematics,2.56
1110,26,Male,Law,1.73
1111,22,Non-Binary,Education,3.79
1112,25,Female,Data Science,2.72
1113,24,Male,Economics,3.1
1114,18,Female,Education,3.43
1115,18,Non-Binary,Education,2.9
1116,19,Non-Binary,Education,3.17
1117,23,Female,Business,3.65
1118,19,Female,Arts,2.71
1119,24,Female,Engineering,3.37
1120,24,Non-Binary,Nursing,3.02
1121,28,Non-Binary,Economics,2.92
1122,26,Female,Data Science,2.2
1123,26,Female,Computer Science,3.21
1124,19,Female,Arts,3.06
1125,26,Non-Binary,Computer Science,3.32
1126,24,Non-Binary,Business,3.49
1127,28,Non-Binary,Economics,3.77
1128,27,Female,Mathematics,3.72
1129,26,Male,Arts,3.54
1130,28,Non-Binary,Engineering,3.41
1131,26,Male,Psychology,3.43
1132,28,Male,Arts,3.2
1133,25,Non-Binary,Arts,4
1134,22,Female,Psychology,3.57
1135,19,Male,Data Science,2.77
1136,20,Male,Nursing,2.42
1137,25,Female,Law,3.69
1138,23,Non-Binary,Education,3.02
1139,24,Non-Binary,Arts,3.01
1140,26,Non-Binary,Business,3.15
1141,28,Non-Binary,Business,2.34
1142,18,Male,Nursing,2.41
1143,19,Non-Binary,Arts,3.41
1144,22,Non-Binary,Computer Science,2.49
1145,21,Female,Engineering,2.22
1146,22,Female,Arts,4
1147,27,Non-Binary,Psychology,3.86
1148,23,Male,Economics,2.91
1149,19,Non-Binary,Biology,2.91
1150,25,Non-Binary,Mathematics,2.81
1151,28,Female,Business,2.94
1152,18,Female,Psychology,3.07
1153,21,Male,Economics,2.61
1154,24,Female,Biology,2.28
1155,21,Female,Business,2.63
1156,19,Female,Education,2.45
1157,24,Non-Binary,Psychology,2.29
1158,28,Non-Binary,Data Science,4
1159,22,Non-Binary,Biology,2.48
1160,27,Female,Arts,2.7
1161,26,Non-Binary,Nursing,2.76
1162,18,Female,Psychology,3.72
1163,19,Male,Law,1.95
1164,25,Non-Binary,Engineering,2.57
1165,21,Female,Engineering,3.63
1166,20,Non-Binary,Mathematics,3.66
1167,28,Female,Data Science,2.61
1168,22,Male,Biology,2.74
1169,27,Non-Binary,Business,3.63
1170,27,Non-Binary,Nursing,2.96
1171,23,Male,Biology,2.76
1172,19,Female,Biology,2.48
1173,18,Female,Psychology,3.26
1174,23,Non-Binary,Nursing,2.03
1175,26,Non-Binary,Psychology,3.86
1176,26,Non-Binary,Nursing,2.49
1177,26,Male,Psychology,2.82
1178,25,Non-Binary,Education,2.86
1179,25,Male,Nursing,3.03
1180,24,Male,Education,2.92
1181,27,Non-Binary,Data Science,3.33
1182,25,Male,Business,3.63
1183,24,Female,Education,3.48
1184,23,Male,Computer Science,3.83
1185,28,Male,Nursing,2.67
1186,21,Female,Engineering,2.21
1187,27,Male,Data Science,2.85
1188,24,Male,Education,3.48
1189,24,Female,Mathematics,2.43
1190,22,Female,Economics,3.39
1191,27,Female,Arts,2.97
1192,28,Non-Binary,Education,3.43
1193,27,Non-Binary,Mathematics,2.99
1194,22,Non-Binary,Psychology,3.61
1195,22,Male,Mathematics,3.19
1196,25,Non-Binary,Psychology,3.56
1197,26,Non-Binary,Nursing,2.67
1198,24,Female,Mathematics,3.17
1199,23,Male,Computer Science,4
1200,21,Female,Law,3.7
1201,25,Male,Data Science,3.1
1202,19,Female,Economics,2.74
1203,27,Male,Engineering,1.83
1204,19,Male,Business,3.55
1205,27,Non-Binary,Economics,2.47
1206,21,Male,Economics,2.57
1207,28,Female,Law,2.97
1208,20,Male,Law,1.83
1209,23,Female,Biology,3.42
1210,28,Non-Binary,Engineering,2.42
1211,18,Non-Binary,Biology,4
1212,19,Non-Binary,Data Science,3.26
1213,27,Female,Arts,2.92
1214,20,Non-Binary,Arts,3.58
1215,19,Female,Business,2.72
1216,26,Non-Binary,Law,3.18
1217,24,Female,Arts,2.26
1218,23,Non-Binary,Data Science,3.94
1219,22,Non-Binary,Computer Science,4
1220,23,Female,Arts,4
1221,21,Female,Law,2.1
1222,25,Male,Arts,3.07
1223,20,Female,Arts,4
1224,24,Female,Nursing,3.09
1225,23,Male,Computer Science,2.19
1226,25,Male,Mathematics,2.55
1227,18,Female,Computer Science,3.69
1228,20,Male,Education,3.95
1229,20,Non-Binary,Computer Science,2.62
1230,19,Male,Computer Science,3.6
1231,21,Female,Nursing,2.88
1232,26,Male,Arts,3.54
1233,21,Female,Computer Science,2.03
1234,21,Female,Arts,3.05
1235,19,Female,Business,2.53
1236,20,Female,Business,3.28
1237,23,Non-Binary,Business,3.71
1238,27,Non-Binary,Mathematics,3.86
1239,18,Non-Binary,Computer Science,3.49
1240,19,Non-Binary,Biology,3.49
1241,19,Male,Education,3.03
1242,23,Non-Binary,Engineering,3.26
1243,18,Non-Binary,Nursing,2.69
1244,28,Female,Computer Science,3.73
1245,19,Non-Binary,Biology,3.03
1246,27,Non-Binary,Nursing,4
1247,21,Male,Psychology,2.68
1248,20,Non-Binary,Biology,2.79
1249,24,Non-Binary,Engineering,3.52
1250,21,Non-Binary,Data Science,2.76
1251,23,Female,Business,2.82
1252,25,Non-Binary,Data Science,3.92
1253,23,Male,Computer Science,3.3
1254,24,Non-Binary,Computer Science,3.26
1255,22,Non-Binary,Computer Science,2.51
1256,21,Female,Nursing,3.64
1257,24,Male,Engineering,2.5
1258,19,Non-Binary,Data Science,3.83
1259,23,Non-Binary,Business,2.88
1260,18,Non-Binary,Psychology,3.33
1261,21,Non-Binary,Nursing,3.12
1262,28,Non-Binary,Data Science,3.35
1263,23,Male,Economics,3.25
1264,20,Non-Binary,Engineering,3.45
1265,21,Non-Binary,Data Science,3.21
1266,18,Non-Binary,Engineering,3.61
1267,22,Female,Computer Science,3.43
1268,28,Non-Binary,Biology,2.29
1269,21,Non-Binary,Computer Science,3.89
1270,26,Male,Computer Science,2.77
1271,28,Male,Business,3.77
1272,19,Female,Economics,1.86
1273,25,Female,Biology,4
1274,26,Female,Law,2.5
1275,19,Non-Binary,Business,3.6
1276,20,Male,Mathematics,1.62
1277,26,Non-Binary,Arts,2.98
1278,24,Male,Economics,4
1279,25,Female,Data Science,3.41
1280,21,Female,Education,3.23
1281,24,Female,Mathematics,2.68
1282,20,Non-Binary,Mathematics,2.71
1283,23,Male,Engineering,2.9
1284,25,Male,Data Science,3.41
1285,19,Male,Data Science,2.32
1286,19,Non-Binary,Engineering,2.42
1287,24,Male,Economics,3.86
1288,26,Male,Data Science,4
1289,20,Female,Arts,4
1290,28,Non-Binary,Law,3.51
1291,23,Non-Binary,Nursing,3.8
1292,23,Female,Law,3.61
1293,28,Male,Psychology,3.26
1294,24,Female,Mathematics,3.25
1295,20,Male,Nursing,3.76
1296,28,Female,Engineering,3.6
1297,28,Female,Biology,2.98
1298,22,Non-Binary,Education,3.43
1299,27,Male,Business,3.24
1300,22,Female,Computer Science,2.28
1301,20,Female,Nursing,1.57
1302,19,Female,Economics,3.53
1303,18,Female,Economics,1.67
1304,25,Non-Binary,Education,2.63
1305,22,Non-Binary,Law,3.24
1306,28,Non-Binary,Mathematics,3.58
1307,21,Male,Psychology,3.39
1308,27,Female,Law,3.14
1309,20,Male,Computer Science,4
1310,21,Male,Economics,3.81
1311,24,Non-Binary,Nursing,1.86
1312,27,Non-Binary,Data Science,1.95
1313,20,Male,Computer Science,1.84
1314,27,Non-Binary,Psychology,3.69
1315,26,Female,Psychology,3.55
1316,26,Female,Law,3.47
1317,21,Male,Economics,3.16
1318,27,Non-Binary,Arts,2.44
1319,18,Non-Binary,Computer Science,3.94
1320,28,Female,Biology,3.03
1321,24,Female,Economics,3.74
1322,28,Non-Binary,Nursing,2.86
1323,22,Non-Binary,Psychology,2.3
1324,21,Non-Binary,Computer Science,3.75
1325,28,Female,Data Science,3.11
1326,20,Non-Binary,Education,3.77
1327,19,Female,Engineering,2.93
1328,25,Female,Data Science,1.69
1329,19,Female,Engineering,3.23
1330,25,Male,Arts,4
1331,20,Male,Business,2.71
1332,18,Non-Binary,Psychology,4
1333,28,Female,Law,3.45
1334,24,Non-Binary,Engineering,2.06
1335,23,Non-Binary,Engineering,3.3
1336,26,Male,Business,2.48
1337,27,Male,Biology,1.94
1338,20,Male,Biology,2.26
1339,28,Non-Binary,Biology,3.12
1340,19,Male,Arts,2.44
1341,20,Non-Binary,Biology,2.44
1342,19,Female,Psychology,4
1343,26,Female,Mathematics,3.35
1344,24,Non-Binary,Engineering,2.34
1345,26,Male,Arts,3.85
1346,19,Male,Mathematics,2.96
1347,19,Female,Economics,4
1348,18,Non-Binary,Biology,3.27
1349,19,Female,Mathematics,3.17
1350,27,Non-Binary,Data Science,3.07
1351,21,Female,Nursing,3.03
1352,19,Female,Biology,3.24
1353,27,Male,Nursing,2.17
1354,18,Female,Mathematics,3.2
1355,20,Female,Mathematics,1.9
1356,21,Non-Binary,Business,2.96
1357,19,Female,Data Science,3.78
1358,27,Female,Data Science,2.83
1359,20,Male,Mathematics,4
1360,28,Male,Engineering,3.87
1361,28,Male,Biology,2.41
1362,18,Non-Binary,Arts,4
1363,27,Female,Law,2.39
1364,18,Female,Data Science,2.97
1365,22,Female,Data Science,3.23
1366,18,Male,Business,3.59
1367,25,Male,Nursing,3.6
1368,21,Male,Engineering,3.97
1369,18,Non-Binary,Business,2.88
1370,24,Non-Binary,Computer Science,2.55
1371,22,Male,Data Science,2.7
1372,20,Male,Law,3.22
1373,21,Female,Arts,2.66
1374,24,Female,Nursing,3.69
1375,18,Female,Economics,4
1376,18,Male,Law,2.73
1377,23,Female,Nursing,3.63
1378,24,Female,Arts,3.77
1379,18,Male,Engineering,2.88
1380,20,Non-Binary,Mathematics,1.97
1381,24,Female,Nursing,3.66
1382,23,Female,Biology,3.39
1383,27,Non-Binary,Education,3.47
1384,22,Female,Nursing,3.09
1385,27,Male,Biology,2.4
1386,25,Female,Psychology,4
1387,19,Female,Data Science,3.28
1388,22,Female,Nursing,2.83
1389,19,Non-Binary,Education,2.62
1390,26,Female,Education,3.89
1391,26,Male,Data Science,2.47
1392,23,Non-Binary,Nursing,2.41
1393,24,Non-Binary,Mathematics,2.23
1394,20,Male,Mathematics,2.68
1395,25,Non-Binary,Economics,2.66
1396,23,Male,Mathematics,3.51
1397,18,Male,Economics,3.11
1398,24,Non-Binary,Data Science,4
1399,21,Non-Binary,Nursing,3.62
1400,26,Male,Business,3.44
1401,18,Male,Computer Science,3.51
1402,23,Non-Binary,Arts,2.39
1403,20,Male,Mathematics,3.78
1404,24,Female,Biology,2.51
1405,25,Non-Binary,Biology,2.94
1406,28,Male,Psychology,2.23
1407,18,Female,Law,3.11
1408,19,Female,Mathematics,3.01
1409,19,Male,Education,2.71
1410,18,Non-Binary,Biology,3.67
1411,24,Male,Education,3.94
1412,22,Male,Law,4
1413,19,Male,Law,3.81
1414,23,Non-Binary,Biology,3.42
1415,26,Non-Binary,Mathematics,3.43
1416,28,Male,Law,2.56
1417,24,Male,Nursing,2.36
1418,18,Non-Binary,Law,2.7
1419,27,Male,Mathematics,3.8
1420,27,Male,Mathematics,3.05
1421,24,Female,Education,3.3
1422,18,Male,Law,2.61
1423,21,Male,Arts,3.45
1424,20,Female,Arts,4
1425,26,Non-Binary,Mathematics,2.33
1426,25,Male,Engineering,4
1427,27,Non-Binary,Mathematics,3.86
1428,27,Female,Biology,3.24
1429,19,Female,Arts,3.02
1430,27,Male,Engineering,3.54
1431,25,Female,Data Science,2.29
1432,24,Female,Mathematics,2.92
1433,20,Non-Binary,Biology,4
1434,27,Female,Biology,3.29
1435,24,Non-Binary,Law,3.76
1436,20,Non-Binary,Education,3.27
1437,22,Non-Binary,Mathematics,3.01
1438,22,Non-Binary,Economics,4
1439,23,Non-Binary,Data Science,3.01
1440,18,Male,Arts,2.23
1441,26,Male,Engineering,2.81
1442,18,Male,Education,4
1443,19,Male,Biology,2.96
1444,23,Male,Business,2.42
1445,23,Female,Biology,3.31
1446,22,Male,Engineering,3.85
1447,22,Male,Business,2.85
1448,24,Female,Nursing,2.11
1449,25,Female,Education,3.01
1450,24,Female,Business,3.26
1451,18,Female,Mathematics,3.27
1452,28,Female,Business,4
1453,28,Female,Nursing,2.93
1454,24,Female,Data Science,2.84
1455,23,Non-Binary,Computer Science,1.26
1456,19,Male,Data Science,2.61
1457,24,Non-Binary,Mathematics,3.63
1458,23,Female,Nursing,3.1
1459,28,Male,Economics,4
1460,21,Male,Computer Science,3.23
1461,25,Male,Computer Science,3.87
1462,28,Female,Psychology,3.85
1463,28,Male,Data Science,2.33
1464,24,Male,Business,3.04
1465,22,Female,Data Science,2.83
1466,28,Non-Binary,Data Science,3.28
1467,25,Non-Binary,Biology,2.89
1468,24,Non-Binary,Arts,2.76
1469,20,Male,Law,3.98
1470,21,Non-Binary,Education,2.97
1471,27,Male,Biology,3.13
1472,18,Non-Binary,Computer Science,3.49
1473,23,Non-Binary,Business,2.82
1474,21,Female,Engineering,3.06
1475,25,Non-Binary,Psychology,3.33
1476,18,Non-Binary,Mathematics,3.35
1477,25,Male,Data Science,3.96
1478,26,Non-Binary,Data Science,4
1479,24,Male,Psychology,2.99
1480,28,Female,Data Science,3.4
1481,28,Non-Binary,Law,3.28
1482,27,Non-Binary,Law,2.66
1483,27,Non-Binary,Psychology,2.82
1484,24,Non-Binary,Mathematics,2.42
1485,22,Female,Business,3.3
1486,18,Non-Binary,Biology,3.07
1487,22,Non-Binary,Nursing,3.43
1488,25,Male,Business,3.46
1489,24,Female,Biology,2.11
1490,22,Female,Computer Science,3.63
1491,27,Male,Arts,3.93
1492,23,Female,Education,2.41
1493,20,Non-Binary,Mathematics,3.52
1494,20,Non-Binary,Psychology,2.75
1495,21,Non-Binary,Law,2.73
1496,28,Non-Binary,Biology,3.41
1497,24,Male,Data Science,3.15
1498,20,Female,Psychology,1.7
1499,26,Female,Nursing,1.46
1500,23,Male,Mathematics,3.18
1501,26,Male,Computer Science,3.26
1502,27,Male,Biology,3.33
1503,18,Male,Psychology,2.85
1504,28,Non-Binary,Mathematics,3.19
1505,19,Male,Engineering,3.81
1506,21,Non-Binary,Computer Science,1.75
1507,18,Female,Nursing,2.84
1508,24,Female,Law,3.49
1509,18,Male,Engineering,2.97
1510,24,Male,Data Science,2.23
1511,28,Female,Nursing,2.39
1512,21,Female,Data Science,3.99
1513,27,Female,Computer Science,2.79
1514,28,Non-Binary,Computer Science,3.04
1515,28,Non-Binary,Education,2.8
1516,25,Non-Binary,Data Science,3.33
1517,18,Non-Binary,Computer Science,4
1518,24,Non-Binary,Engineering,3.85
1519,25,Non-Binary,Arts,3.31
1520,22,Female,Biology,2.23
1521,22,Non-Binary,Engineering,2.56
1522,18,Non-Binary,Mathematics,3.01
1523,23,Non-Binary,Computer Science,2.5
1524,27,Male,Psychology,2.16
1525,25,Female,Law,3.34
1526,23,Non-Binary,Computer Science,3.58
1527,20,Male,Nursing,2.93
1528,26,Male,Business,2.13
1529,18,Non-Binary,Nursing,3.21
1530,25,Female,Business,2.65
1531,21,Non-Binary,Arts,2.56
1532,23,Male,Biology,1.93
1533,22,Non-Binary,Law,2.42
1534,22,Non-Binary,Data Science,3.36
1535,28,Male,Psychology,3.79
1536,21,Male,Economics,3.57
1537,21,Female,Psychology,2.38
1538,22,Non-Binary,Education,2.49
1539,25,Female,Engineering,3.88
1540,27,Female,Law,3.56
1541,18,Female,Nursing,3.95
1542,24,Non-Binary,Nursing,3.19
1543,19,Non-Binary,Biology,2.89
1544,25,Male,Business,3.37
1545,19,Female,Business,1.74
1546,18,Female,Computer Science,2.57
1547,24,Non-Binary,Nursing,2.97
1548,18,Non-Binary,Business,3.36
1549,28,Non-Binary,Nursing,3.21
1550,21,Non-Binary,Computer Science,3.41
1551,21,Male,Law,3.08
1552,22,Male,Engineering,3.43
1553,21,Male,Engineering,3.38
1554,19,Female,Data Science,3.68
1555,24,Male,Data Science,3.18
1556,19,Non-Binary,Mathematics,3.53
1557,28,Female,Economics,2.17
1558,26,Non-Binary,Business,2.58
1559,19,Non-Binary,Education,1.98
1560,28,Male,Law,2.47
1561,27,Non-Binary,Biology,2.77
1562,28,Non-Binary,Arts,2.69
1563,18,Non-Binary,Mathematics,3.34
1564,24,Female,Business,2.83
1565,28,Male,Business,2.88
1566,22,Male,Biology,4
1567,25,Female,Economics,2.79
1568,19,Female,Mathematics,3.46
1569,19,Female,Arts,3.14
1570,19,Non-Binary,Computer Science,2.74
1571,22,Male,Law,3.96
1572,20,Non-Binary,Business,2.51
1573,26,Male,Computer Science,3.58
1574,18,Female,Psychology,3.53
1575,24,Non-Binary,Business,2.56
1576,22,Female,Engineering,2.74
1577,20,Non-Binary,Nursing,3.46
1578,25,Female,Computer Science,2.96
1579,23,Non-Binary,Education,2.3
1580,20,Female,Law,2.61
1581,22,Male,Mathematics,4
1582,28,Male,Education,2.99
1583,19,Female,Biology,3.72
1584,21,Female,Business,3.12
1585,20,Non-Binary,Biology,4
1586,18,Non-Binary,Economics,3.4
1587,22,Female,Business,3.58
1588,26,Female,Business,2.8
1589,23,Male,Mathematics,2.9
1590,22,Female,Business,2.86
1591,25,Female,Law,2.98
1592,23,Non-Binary,Computer Science,3.24
1593,25,Female,Arts,3.66
1594,26,Male,Arts,3.98
1595,20,Male,Law,2.8
1596,27,Female,Economics,3.26
1597,24,Non-Binary,Business,2.9
1598,22,Male,Education,3.68
1599,22,Female,Mathematics,2.95
1600,28,Female,Arts,3.17
1601,24,Female,Nursing,3.68
1602,18,Non-Binary,Computer Science,3.42
1603,25,Female,Mathematics,3.08
1604,20,Male,Nursing,2.97
1605,19,Male,Economics,4
1606,21,Non-Binary,Psychology,2.43
1607,22,Non-Binary,Business,3.54
1608,19,Female,Mathematics,3.34
1609,20,Non-Binary,Psychology,3.65
1610,20,Non-Binary,Computer Science,2.32
1611,25,Non-Binary,Law,3.24
1612,28,Female,Nursing,2.83
1613,28,Male,Data Science,2.82
1614,26,Male,Biology,2.55
1615,25,Female,Engineering,3.34
1616,18,Male,Psychology,2.8
1617,26,Male,Business,2.45
1618,22,Non-Binary,Engineering,2.72
1619,28,Non-Binary,Biology,2.53
1620,18,Male,Mathematics,3.79
1621,28,Male,Engineering,2.84
1622,19,Male,Business,4
1623,23,Female,Nursing,3.51
1624,22,Male,Business,3.67
1625,26,Female,Data Science,3.24
1626,26,Male,Computer Science,3.29
1627,27,Non-Binary,Psychology,3.59
1628,27,Non-Binary,Mathematics,2.82
1629,20,Non-Binary,Computer Science,3.87
1630,28,Non-Binary,Nursing,3.51
1631,20,Female,Education,2.38
1632,18,Female,Nursing,2.87
1633,20,Female,Computer Science,3.08
1634,20,Non-Binary,Business,2.85
1635,19,Female,Education,2.53
1636,20,Female,Computer Science,3.03
1637,24,Non-Binary,Law,2.57
1638,27,Female,Mathematics,3.24
1639,22,Male,Data Science,3.58
1640,22,Non-Binary,Business,3.47
1641,20,Non-Binary,Mathematics,1.77
1642,27,Non-Binary,Law,2.4
1643,26,Female,Psychology,3.89
1644,25,Female,Economics,3.39
1645,20,Female,Arts,3.45
1646,28,Female,Biology,2.83
1647,21,Female,Psychology,2.57
1648,23,Female,Biology,3.02
1649,22,Female,Psychology,3.37
1650,20,Male,Psychology,2.68
1651,27,Non-Binary,Psychology,2.97
1652,27,Male,Nursing,2.98
1653,18,Non-Binary,Nursing,2.68
1654,21,Male,Economics,4
1655,23,Female,Law,2.2
1656,23,Female,Law,3.64
1657,21,Non-Binary,Psychology,3.22
1658,25,Male,Biology,2.96
1659,26,Non-Binary,Business,3.36
1660,26,Female,Arts,3.02
1661,21,Female,Education,3.18
1662,18,Non-Binary,Nursing,3.73
1663,28,Non-Binary,Economics,3.56
1664,26,Non-Binary,Business,3.34
1665,24,Non-Binary,Education,3.28
1666,20,Non-Binary,Nursing,2.22
1667,28,Male,Business,2.62
1668,21,Non-Binary,Arts,1.63
1669,22,Non-Binary,Law,2.98
1670,22,Female,Economics,3.21
1671,19,Non-Binary,Nursing,3.29
1672,28,Male,Data Science,2.53
1673,19,Non-Binary,Education,3.45
1674,23,Male,Economics,1.66
1675,18,Non-Binary,Engineering,1.98
1676,23,Non-Binary,Psychology,4
1677,19,Female,Data Science,2.8
1678,21,Female,Engineering,4
1679,25,Male,Business,3.07
1680,24,Non-Binary,Biology,3.58
1681,18,Male,Education,3.24
1682,27,Non-Binary,Mathematics,2.97
1683,25,Non-Binary,Data Science,2.35
1684,18,Non-Binary,Education,2.36
1685,21,Non-Binary,Business,3.78
1686,28,Male,Engineering,3.5
1687,28,Male,Data Science,3.79
1688,24,Male,Computer Science,3.39
1689,23,Male,Law,3.99
1690,19,Male,Biology,3.56
1691,22,Non-Binary,Arts,3.45
1692,25,Female,Biology,2.66
1693,25,Non-Binary,Psychology,2.88
1694,24,Female,Biology,3.49
1695,18,Female,Law,2.87
1696,21,Non-Binary,Engineering,2.94
1697,25,Non-Binary,Arts,3.43
1698,22,Male,Psychology,3.71
1699,22,Male,Economics,3.16
1700,24,Non-Binary,Psychology,3.37
1701,24,Female,Economics,3.89
1702,26,Non-Binary,Business,3.55
1703,19,Non-Binary,Education,2.1
1704,18,Female,Computer Science,2.45
1705,20,Male,Business,4
1706,20,Non-Binary,Economics,2.99
1707,23,Non-Binary,Engineering,3.93
1708,22,Non-Binary,Education,3.44
1709,27,Male,Arts,2.66
1710,28,Female,Law,3.33
1711,22,Male,Education,3.42
1712,19,Male,Psychology,2.77
1713,21,Female,Economics,2.71
1714,20,Female,Nursing,2.67
1715,18,Male,Economics,2.49
1716,21,Female,Education,3.36
1717,23,Female,Arts,3.87
1718,24,Female,Economics,4
1719,26,Female,Education,2.77
1720,18,Non-Binary,Psychology,3.13
1721,21,Male,Nursing,2.77
1722,28,Non-Binary,Education,3.51
1723,24,Non-Binary,Education,2.12
1724,18,Female,Mathematics,2.71
1725,27,Female,Economics,2.61
1726,28,Female,Arts,2.26
1727,23,Female,Economics,3.05
1728,24,Non-Binary,Business,3.72
1729,26,Non-Binary,Psychology,2.76
1730,24,Non-Binary,Arts,3.05
1731,26,Non-Binary,Nursing,3.42
1732,23,Non-Binary,Engineering,3.7
1733,25,Male,Biology,2.76
1734,20,Male,Economics,2.64
1735,22,Female,Computer Science,2.3
1736,27,Non-Binary,Mathematics,3.03
1737,28,Female,Mathematics,2.73
1738,25,Male,Data Science,2.97
1739,21,Non-Binary,Nursing,3.55
1740,27,Male,Nursing,3.78
1741,25,Female,Mathematics,3.41
1742,20,Non-Binary,Education,3.35
1743,20,Non-Binary,Law,2.13
1744,26,Female,Education,2.3
1745,20,Female,Arts,3.3
1746,23,Male,Psychology,2.65
1747,25,Female,Mathematics,2.38
1748,22,Male,Engineering,4
1749,27,Female,Data Science,2.31
1750,18,Non-Binary,Arts,1.75
1751,26,Non-Binary,Mathematics,3.61
1752,20,Female,Computer Science,2.79
1753,22,Non-Binary,Arts,2.75
1754,18,Female,Mathematics,2.91
1755,28,Female,Law,3.27
1756,24,Male,Education,3.55
1757,24,Non-Binary,Arts,3.69
1758,20,Non-Binary,Arts,4
1759,19,Male,Engineering,1.92
1760,20,Female,Biology,3.15
1761,27,Male,Psychology,2.49
1762,25,Non-Binary,Engineering,4
1763,28,Female,Computer Science,2.61
1764,24,Non-Binary,Engineering,2.87
1765,21,Non-Binary,Economics,2.32
1766,18,Male,Psychology,2.81
1767,19,Female,Arts,3.65
1768,19,Non-Binary,Nursing,2.49
1769,19,Non-Binary,Law,3.54
1770,28,Female,Engineering,3.61
1771,25,Female,Engineering,3
1772,23,Non-Binary,Nursing,4
1773,21,Female,Economics,2.15
1774,26,Non-Binary,Arts,2.95
1775,26,Non-Binary,Computer Science,2.87
1776,25,Female,Education,2.71
1777,23,Male,Data Science,3.11
1778,23,Non-Binary,Data Science,3.94
1779,18,Female,Psychology,2.94
1780,21,Non-Binary,Data Science,3.15
1781,26,Female,Data Science,3
1782,24,Male,Law,3.58
1783,26,Female,Psychology,2.51
1784,24,Non-Binary,Nursing,2.6
1785,25,Female,Psychology,2.67
1786,27,Male,Biology,2.32
1787,18,Male,Education,2.96
1788,19,Male,Biology,3.2
1789,19,Male,Psychology,2.36
1790,19,Male,Engineering,3.84
1791,28,Female,Law,3.86
1792,27,Female,Nursing,2.79
1793,23,Non-Binary,Business,3.15
1794,24,Female,Computer Science,3.27
1795,18,Female,Biology,3.03
1796,26,Female,Nursing,4
1797,26,Non-Binary,Biology,2.08
1798,25,Male,Engineering,2.34
1799,18,Female,Psychology,3.29
1800,22,Non-Binary,Data Science,3.4
1801,19,Non-Binary,Psychology,4
1802,24,Female,Arts,3.25
1803,22,Male,Engineering,3.49
1804,27,Non-Binary,Data Science,4
1805,23,Non-Binary,Computer Science,3.58
1806,26,Female,Psychology,3.54
1807,19,Non-Binary,Psychology,2.93
1808,24,Non-Binary,Arts,2.23
1809,25,Non-Binary,Psychology,3.56
1810,20,Male,Data Science,3.1
1811,26,Non-Binary,Economics,2.86
1812,26,Male,Mathematics,2.5
1813,23,Female,Education,2.42
1814,26,Female,Data Science,1.68
1815,28,Female,Education,3.33
1816,20,Female,Education,3.34
1817,27,Male,Business,3.14
1818,24,Male,Engineering,2.74
1819,26,Male,Psychology,3.1
1820,20,Male,Data Science,4
1821,28,Female,Nursing,3.49
1822,22,Male,Nursing,3.09
1823,19,Non-Binary,Data Science,3.22
1824,20,Female,Mathematics,3.7
1825,25,Female,Law,2.93
1826,23,Non-Binary,Arts,2.58
1827,26,Female,Biology,3.11
1828,18,Male,Biology,2.67
1829,26,Female,Education,3.75
1830,28,Non-Binary,Law,3.83
1831,24,Female,Business,3.16
1832,22,Female,Business,1.99
1833,22,Female,Psychology,2.47
1834,25,Male,Engineering,2.59
1835,27,Female,Psychology,2.95
1836,23,Non-Binary,Arts,3.13
1837,27,Male,Business,2.34
1838,21,Non-Binary,Engineering,2.2
1839,26,Non-Binary,Law,3.12
1840,28,Male,Engineering,2.9
1841,18,Male,Engineering,3.94
1842,22,Female,Engineering,3
1843,20,Non-Binary,Nursing,3.11
1844,21,Male,Psychology,3.16
1845,24,Female,Arts,4
1846,26,Non-Binary,Mathematics,3.17
1847,19,Non-Binary,Computer Science,2.41
1848,23,Male,Data Science,2.32
1849,21,Male,Psychology,2.67
1850,26,Female,Business,3.43
1851,20,Non-Binary,Business,3.22
1852,28,Non-Binary,Nursing,3.41
1853,24,Non-Binary,Business,3.32
1854,21,Non-Binary,Biology,1.99
1855,22,Female,Computer Science,2.11
1856,19,Male,Mathematics,3.52
1857,25,Female,Arts,2.19
1858,24,Female,Data Science,3.83
1859,21,Non-Binary,Engineering,3.78
1860,21,Non-Binary,Engineering,2.9
1861,25,Non-Binary,Nursing,3.51
1862,19,Non-Binary,Nursing,3.56
1863,27,Male,Psychology,2.39
1864,19,Male,Engineering,2.63
1865,26,Male,Education,2.27
1866,18,Non-Binary,Engineering,4
1867,21,Female,Business,3.62
1868,24,Female,Business,2.84
1869,23,Non-Binary,Law,4
1870,19,Male,Law,1.81
1871,27,Male,Education,3.37
1872,22,Non-Binary,Computer Science,3
1873,21,Non-Binary,Arts,2.05
1874,20,Non-Binary,Computer Science,2.75
1875,24,Female,Business,2.87
1876,25,Male,Education,3.88
1877,21,Male,Psychology,2.89
1878,19,Male,Mathematics,2.47
1879,23,Non-Binary,Arts,3.82
1880,23,Male,Engineering,2.76
1881,23,Female,Computer Science,3.55
1882,25,Non-Binary,Computer Science,2.07
1883,27,Female,Law,3.16
1884,21,Female,Economics,2.85
1885,27,Male,Biology,1.97
1886,27,Male,Psychology,3.1
1887,26,Non-Binary,Engineering,3.22
1888,23,Female,Computer Science,3.16
1889,28,Female,Mathematics,3.51
1890,24,Non-Binary,Data Science,3.08
1891,27,Non-Binary,Arts,3.38
1892,23,Female,Arts,4
1893,21,Female,Mathematics,2.63
1894,27,Non-Binary,Law,1.22
1895,26,Female,Psychology,3.49
1896,28,Male,Business,2.77
1897,21,Male,Data Science,3.01
1898,24,Male,Engineering,2.96
1899,21,Male,Law,3.71
1900,23,Male,Education,2.51
1901,20,Non-Binary,Biology,2.71
1902,20,Male,Engineering,4
1903,18,Male,Mathematics,3.17
1904,22,Male,Nursing,4
1905,27,Male,Biology,4
1906,28,Non-Binary,Computer Science,3.09
1907,18,Non-Binary,Nursing,3.53
1908,24,Female,Education,4
1909,27,Female,Business,3.64
1910,22,Female,Economics,3.28
1911,26,Non-Binary,Computer Science,2.71
1912,19,Male,Economics,2.79
1913,25,Male,Education,1.53
1914,22,Male,Mathematics,2.31
1915,20,Female,Biology,3.13
1916,28,Female,Education,2.14
1917,18,Non-Binary,Education,3.58
1918,19,Male,Biology,2.1
1919,23,Female,Business,3.22
1920,23,Female,Education,3.26
1921,22,Female,Computer Science,4
1922,19,Female,Mathematics,3.15
1923,24,Male,Law,4
1924,28,Male,Computer Science,2.73
1925,19,Non-Binary,Engineering,1.62
1926,25,Non-Binary,Computer Science,2.65
1927,25,Female,Arts,3.04
1928,19,Male,Psychology,2.93
1929,23,Male,Biology,3.46
1930,22,Male,Business,3.85
1931,27,Female,Engineering,2.96
1932,25,Female,Biology,2.41
1933,24,Non-Binary,Economics,3.38
1934,27,Male,Education,3.3
1935,28,Female,Arts,3
1936,21,Male,Arts,3.22
1937,20,Non-Binary,Psychology,2.31
1938,21,Female,Business,3.44
1939,25,Male,Law,2.8
1940,19,Male,Arts,4
1941,22,Female,Education,3.18
1942,19,Non-Binary,Data Science,3.79
1943,24,Non-Binary,Data Science,3.19
1944,21,Male,Education,3.41
1945,27,Non-Binary,Biology,2.6
1946,27,Non-Binary,Data Science,2.77
1947,24,Female,Nursing,3.3
1948,24,Female,Computer Science,3.23
1949,22,Male,Biology,3.12
1950,26,Male,Arts,2.64
1951,26,Female,Engineering,3.61
1952,27,Non-Binary,Business,2.69
1953,27,Female,Mathematics,3.56
1954,26,Female,Arts,3.4
1955,22,Non-Binary,Arts,2.92
1956,20,Male,Business,3.46
1957,18,Male,Biology,3.23
1958,20,Female,Engineering,2.02
1959,22,Female,Education,3
1960,23,Female,Mathematics,3.62
1961,24,Female,Law,3.37
1962,24,Male,Computer Science,2.07
1963,19,Male,Data Science,3.82
1964,24,Male,Engineering,2.66
1965,23,Male,Biology,2.3
1966,18,Female,Data Science,4
1967,27,Male,Data Science,4
1968,22,Female,Arts,3.24
1969,22,Female,Computer Science,3.74
1970,27,Male,Education,3.51
1971,26,Non-Binary,Psychology,2.51
1972,18,Female,Psychology,2.98
1973,25,Non-Binary,Law,2.77
1974,26,Male,Computer Science,3.23
1975,21,Non-Binary,Arts,2.3
1976,28,Female,Mathematics,4
1977,28,Male,Law,3.25
1978,21,Male,Arts,2.96
1979,22,Non-Binary,Psychology,1.7
1980,26,Non-Binary,Education,4
1981,24,Male,Economics,2.69
1982,25,Female,Data Science,2.99
1983,21,Female,Data Science,3.27
1984,20,Male,Education,2.31
1985,20,Female,Computer Science,2.61
1986,25,Male,Business,3.75
1987,19,Non-Binary,Biology,3.4
1988,27,Male,Engineering,2.94
1989,19,Female,Business,4
1990,27,Male,Education,3.47
1991,23,Male,Computer Science,3.84
1992,25,Female,Data Science,3.58
1993,28,Non-Binary,Biology,3.07
1994,22,Male,Data Science,3.97
1995,26,Male,Economics,2.83
1996,24,Female,Data Science,3.49
1997,19,Female,Biology,3.01
1998,24,Male,Law,2.92
1999,19,Non-Binary,Economics,3.18
2000,27,Male,Engineering,2.39
